model_type,latent_dim,activation,output_activation,dropout,l2_reg,batch_norm,noise_std,optimizer,learning_rate,batch_size,loss,n_layers,start_width,width_strategy,n_conv_layers,kernel_size,n_filters_start,filter_strategy,widths,n_params,best_epoch,train_loss,val_loss,best_val_loss,overfit_gap,is_overfit,val_clf_accuracy,val_photon_err_pct,val_neutron_err_pct,composite_score,train_time_s,filters,spatial
dense,8,leaky_relu,sigmoid,0.1,1e-05,False,0.0,nadam,0.003,256,mae,1.0,64.0,geometric,,,,,[64],14576,22,0.027070552110671997,0.02706567943096161,0.02706567943096161,-0.0001799992733974285,False,0.9870290955943155,1.5624076445670378,1.0441902830206395,0.02001829191832305,27.8,,
dense,8,swish,sigmoid,0.3,0.0001,False,0.02,nadam,0.003,512,mse,2.0,64.0,linear,,,,,"[64, 16]",15888,23,0.0049637602642178535,0.004967269022017717,0.004967269022017717,0.0007068749522730416,False,0.48801946116420836,0.0,100.0,0.2584739039289047,20.6,,
dense,8,swish,sigmoid,0.2,0.0001,True,0.0,nadam,0.003,1024,mae,4.0,32.0,funnel,,,,,"[256, 128, 16, 8]",127456,24,0.03063252940773964,0.030623704195022583,0.030623704195022583,-0.0002880993795708718,False,0.9822599565392973,2.1653039109447345,1.4010178977219372,0.024181873827862632,25.5,,
cnn,8,elu,sigmoid,0.0,1e-05,True,0.0,adam,0.0001,512,mse,,,,3.0,7.0,32.0,double,,173705,24,0.0020291940309107304,0.0020295127760618925,0.0020295127760618925,0.00015707968104907655,False,0.987365627584085,1.4106984533543494,1.1230679662704002,0.007331942595988461,36.9,"[32, 64, 128]",13.0
cnn,8,elu,linear,0.0,1e-05,False,0.02,adamw,0.003,512,huber,,,,2.0,7.0,32.0,double,,57545,25,0.0009712373139336705,0.0009703876567073166,0.0009703876567073166,-0.0008748193815913359,False,0.9876252379761927,1.3161264900009852,1.1625068078952805,0.006672574840257295,24.5,"[32, 64]",26.0
dense,8,leaky_relu,linear,0.2,0.0,False,0.05,adam,0.003,512,huber,4.0,64.0,linear,,,,,"[64, 48, 32, 16]",24240,10,0.0012377869570627809,0.0012371247867122293,0.0012371247867122293,-0.0005349631023119755,False,0.9830964789138671,1.6786523495222145,1.7015043101019776,0.00907032293642257,18.3,,
dense,8,leaky_relu,linear,0.3,0.0001,False,0.02,nadam,0.003,256,mae,1.0,64.0,funnel,,,,,[256],57968,22,0.028414826840162277,0.028407994657754898,0.028407994657754898,-0.00024044427389303534,False,0.9863079556162382,1.656979607920402,1.0948973651097715,0.021050019520758356,29.0,,
dense,8,relu,linear,0.3,0.001,True,0.0,nadam,0.0001,1024,huber,3.0,128.0,geometric,,,,,"[128, 64, 32]",49968,25,0.004532350227236748,0.004539694171398878,0.004539694171398878,0.0016203390722097312,False,0.9765485279129248,3.4932518963648898,1.2507746915319173,0.013995583129237044,21.2,,
cnn,8,elu,linear,0.0,0.0001,False,0.0,nadam,0.001,1024,huber,,,,2.0,3.0,32.0,double,,40905,25,0.0012252595042809844,0.0012248341226950288,0.0012248341226950288,-0.00034717672825173906,False,0.9893752043229938,1.132893311003842,0.9953612410088831,0.005924814899850639,18.0,"[32, 64]",26.0
dense,8,swish,sigmoid,0.0,0.0001,True,0.02,adam,0.0003,1024,mae,1.0,256.0,geometric,,,,,[256],60016,23,0.027935456484556198,0.027928076684474945,0.027928076684474945,-0.0002641732411042895,False,0.9867598700025,1.3791744655698945,1.271433132383045,0.02058410334098748,13.5,,
dense,8,swish,sigmoid,0.2,0.001,False,0.02,nadam,0.001,512,huber,3.0,256.0,funnel,,,,,"[256, 32, 8]",70976,24,0.002481858478859067,0.0024836091324687004,0.0024836091324687004,0.0007053801111327819,False,0.48801946116420836,0.0,100.0,0.25723207398413017,22.5,,
cnn,8,elu,sigmoid,0.0,0.0001,False,0.02,nadam,0.0003,256,mae,,,,2.0,3.0,16.0,double,,17385,24,0.028413239866495132,0.028396882116794586,0.028396882116794586,-0.0005757087110588648,False,0.9877406203726852,1.2786917545069452,1.1756530884369072,0.020328130872054706,35.7,"[16, 32]",26.0
cnn,8,elu,linear,0.3,1e-05,False,0.1,adam,0.003,512,mae,,,,2.0,3.0,64.0,constant,,53449,14,0.028725309297442436,0.028712118044495583,0.028712118044495583,-0.00045922057131785607,False,0.9861637276206227,1.34765047778544,1.4179202584183146,0.021274195211936464,21.9,"[64, 64]",26.0
cnn,8,swish,linear,0.0,0.0,False,0.1,nadam,0.001,256,mae,,,,2.0,3.0,64.0,constant,,53449,19,0.028691019862890244,0.028683360666036606,0.028683360666036606,-0.0002669544997089599,False,0.9858271956308533,1.4934489212885431,1.3446766954006797,0.02142808251759165,37.9,"[64, 64]",26.0
dense,8,elu,linear,0.3,1e-05,False,0.1,nadam,0.0001,256,huber,5.0,32.0,geometric,,,,,"[32, 16, 16, 16, 16]",9776,24,0.0018573751440271735,0.0018615275621414185,0.0018615275621414185,0.002235637818024008,False,0.9738755023941847,3.90503398679933,1.3803594568708097,0.013993012583978337,39.0,,
dense,8,swish,linear,0.3,1e-05,True,0.0,adam,0.003,256,mse,3.0,256.0,linear,,,,,"[256, 136, 16]",131680,13,0.0025719671975821257,0.0025708978064358234,0.0025708978064358234,-0.00041578724149652626,False,0.9827887925232207,2.098315436902768,1.361579056097057,0.009891052641607556,33.4,,
cnn,8,elu,sigmoid,0.2,1e-05,False,0.0,nadam,0.001,256,mae,,,,3.0,7.0,64.0,double,,631561,25,0.027295349165797234,0.02728152647614479,0.02728152647614479,-0.0005064119007410837,False,0.9872117843887618,1.343709979312383,1.2169699701391627,0.020034871043691505,66.8,"[64, 128, 256]",13.0
dense,8,elu,sigmoid,0.0,1e-05,True,0.0,nadam,0.0003,1024,huber,1.0,32.0,linear,,,,,[32],7600,22,0.001005228841677308,0.0010041330242529511,0.0010041330242529511,-0.001090117373202777,False,0.9871444779908078,1.4205496995369915,1.1568726876631548,0.006929827516722553,11.7,,
cnn,8,elu,linear,0.1,0.0001,True,0.02,nadam,0.001,512,mse,,,,2.0,3.0,32.0,double,,41417,25,0.0019098789198324084,0.00190853257663548,0.00190853257663548,-0.0007049364140040053,False,0.9872790907867156,1.353561225495025,1.1944334892106598,0.007314720894959936,27.5,"[32, 64]",26.0
dense,8,leaky_relu,sigmoid,0.2,0.0,False,0.05,adamw,0.0003,512,huber,3.0,32.0,funnel,,,,,"[16, 16, 16]",4816,25,0.0012489465298131108,0.0012487118365243077,0.0012487118365243077,-0.00018791299963675747,False,0.9810195957770043,2.4411388040587134,1.3803594568708097,0.010114558029760023,19.3,,
cnn,8,elu,linear,0.0,0.0,False,0.05,adamw,0.0003,1024,mse,,,,2.0,7.0,64.0,constant,,86729,25,0.00195913203060627,0.0019578044302761555,0.0019578044302761555,-0.0006776471975212041,False,0.9869906347954847,1.4028174564082356,1.203823689597536,0.00748358481739575,20.0,"[64, 64]",26.0
cnn,8,relu,sigmoid,0.3,0.0001,False,0.0,adamw,0.0003,1024,mse,,,,2.0,7.0,32.0,constant,,29033,25,0.0023690552916377783,0.0023662967141717672,0.0023662967141717672,-0.001164420887831615,False,0.9878656179688852,1.3062752438183431,1.1249460063477756,0.0072503393726433,18.3,"[32, 32]",26.0
dense,8,relu,sigmoid,0.0,0.0001,False,0.1,adam,0.0001,512,mse,1.0,128.0,geometric,,,,,[128],29040,25,0.0025238306261599064,0.002523894887417555,0.002523894887417555,2.546179485358084e-05,False,0.9850675948539451,1.704265589597084,1.292091573234173,0.008728150016736214,17.3,,
dense,8,leaky_relu,linear,0.1,1e-05,False,0.02,adamw,0.0001,256,huber,3.0,256.0,funnel,,,,,"[8, 8, 8]",2208,25,0.0017128210747614503,0.0017161369323730469,0.0017161369323730469,0.0019359042578679117,False,0.9827984077229284,1.2471677667224905,2.17101432944579,0.009458864604722339,31.8,,
dense,8,elu,sigmoid,0.3,0.0,True,0.02,adam,0.003,512,mse,2.0,64.0,geometric,,,,,"[64, 32]",18992,21,0.002191853243857622,0.0021903777960687876,0.0021903777960687876,-0.0006731508110633404,False,0.9857406588334839,1.826421042261846,1.0441902830206395,0.008224859481292424,21.3,,
dense,8,leaky_relu,linear,0.0,0.0001,True,0.1,nadam,0.001,256,mae,3.0,64.0,funnel,,,,,"[32, 32, 8]",10176,25,0.029674412682652473,0.02966180630028248,0.02966180630028248,-0.0004248233151170251,False,0.9849810580565759,1.3772042163333662,1.620748586774842,0.0223403741218533,38.5,,
cnn,8,relu,linear,0.2,0.0001,True,0.0,adamw,0.0003,512,mae,,,,3.0,3.0,64.0,double,,305929,24,0.04749872162938118,0.0474848747253418,0.0474848747253418,-0.0002915216149905324,False,0.48801946116420836,0.0,100.0,0.2797327067805667,45.3,"[64, 128, 256]",13.0
cnn,8,relu,linear,0.2,0.0,True,0.05,nadam,0.003,512,mse,,,,3.0,7.0,16.0,double,,51017,16,0.002393389353528619,0.0023919306695461273,0.0023919306695461273,-0.0006094637215382145,False,0.9796350070190958,2.4371983055856568,1.6545533081675963,0.011378461825225172,31.8,"[16, 32, 64]",13.0
cnn,8,elu,linear,0.3,0.0,True,0.05,adam,0.003,1024,huber,,,,3.0,5.0,32.0,constant,,28681,25,0.0010075559839606285,0.001006747130304575,0.001006747130304575,-0.0008027878042806107,False,0.988413684352224,1.1939710373362231,1.1249460063477756,0.006296531389040294,25.7,"[32, 32, 32]",13.0
dense,8,elu,sigmoid,0.2,0.0001,False,0.02,nadam,0.001,256,mae,2.0,32.0,geometric,,,,,"[32, 16]",8144,25,0.030586572363972664,0.030580436810851097,0.030580436810851097,-0.0002005962959351968,False,0.9837503124939905,1.8894690178307556,1.3728472965613085,0.02341506215843031,29.5,,
dense,8,relu,linear,0.3,1e-05,True,0.1,adamw,0.0003,256,huber,1.0,32.0,linear,,,,,[32],7600,14,0.001212612260133028,0.0012120561441406608,0.0012120561441406608,-0.00045860990413065724,False,0.9855195092402069,1.3831149640429514,1.509944222209702,0.007846273451966868,24.3,,
dense,8,swish,sigmoid,0.1,0.0,True,0.02,adamw,0.001,512,huber,5.0,256.0,funnel,,,,,"[64, 32, 8, 8, 8]",19616,13,0.0011994021479040384,0.0011989088961854577,0.0011989088961854577,-0.0004112479867096143,False,0.982779177323513,2.0569402029356714,1.4028959377993127,0.009209865786336202,25.0,,
cnn,8,swish,linear,0.2,1e-05,True,0.1,nadam,0.0003,512,mse,,,,2.0,7.0,32.0,double,,58057,24,0.002126887906342745,0.0021247481927275658,0.0021247481927275658,-0.0010060302702357131,False,0.985865656429684,1.4855679243424293,1.3446766954006797,0.00812954588152176,28.0,"[32, 64]",26.0
cnn,8,leaky_relu,sigmoid,0.1,1e-05,False,0.1,nadam,0.0003,1024,mae,,,,2.0,5.0,32.0,constant,,24809,25,0.029194330796599388,0.029178649187088013,0.029178649187088013,-0.0005371457088922912,False,0.9847022172650526,1.9308442517978524,1.1474824872762786,0.022238215961017715,17.9,"[32, 32]",26.0
cnn,8,relu,sigmoid,0.3,0.001,False,0.1,adamw,0.0001,512,mse,,,,3.0,5.0,64.0,double,,467465,25,0.005108365789055824,0.00511190015822649,0.00511190015822649,0.0006918786391996013,False,0.48801946116420836,0.0,100.0,0.25854621949700907,44.5,"[64, 128, 256]",13.0
cnn,8,leaky_relu,linear,0.3,0.0,True,0.05,nadam,0.003,1024,mae,,,,3.0,3.0,64.0,double,,305929,25,0.028566410765051842,0.028561262413859367,0.028561262413859367,-0.00018022394324641094,False,0.9873079363858387,1.3791744655698945,1.1643848479726557,0.020626663014010338,38.4,"[64, 128, 256]",13.0
cnn,8,relu,linear,0.1,0.001,False,0.0,adamw,0.003,512,mae,,,,3.0,5.0,32.0,constant,,28041,24,0.03287981078028679,0.03287222981452942,0.03287222981452942,-0.0002305659788624815,False,0.9873463971846695,1.381144714806423,1.1549946475857795,0.022762916314929937,30.5,"[32, 32, 32]",13.0
cnn,8,leaky_relu,sigmoid,0.3,0.0,False,0.05,adam,0.0001,1024,mae,,,,2.0,3.0,16.0,double,,17385,25,0.029242217540740967,0.029234139248728752,0.029234139248728752,-0.0002762544256761577,False,0.9884906059498856,1.2294355235937346,1.0761169643360189,0.020371766649421585,15.7,"[16, 32]",26.0
dense,8,elu,linear,0.0,1e-05,True,0.05,adamw,0.0003,1024,huber,1.0,64.0,linear,,,,,[64],15088,23,0.0012186325620859861,0.001218614517711103,0.001218614517711103,-1.4807067728674144e-05,False,0.9825676429299437,2.051029455226086,1.449846939733694,0.009325485793883703,13.0,,
dense,8,leaky_relu,linear,0.3,1e-05,False,0.02,adam,0.001,1024,huber,1.0,32.0,linear,,,,,[32],7344,25,0.001223844476044178,0.0012234359746798873,0.0012234359746798873,-0.00033378535613537246,False,0.9864329532124382,1.5663481430400947,1.1568726876631548,0.007395241381120854,11.0,,
cnn,8,relu,linear,0.0,0.001,True,0.0,adamw,0.001,1024,mse,,,,2.0,5.0,16.0,constant,,10041,25,0.002123361686244607,0.0021215418819338083,0.0021215418819338083,-0.0008570392517617497,False,0.9870867867925617,1.4166092010639346,1.1718970082821567,0.007517377544686066,18.0,"[16, 16]",26.0
cnn,8,swish,linear,0.2,1e-05,False,0.05,adamw,0.0003,512,huber,,,,3.0,5.0,16.0,constant,,8905,24,0.001270078937523067,0.0012693493627011776,0.0012693493627011776,-0.0005744326595260541,False,0.9889329051364397,1.1525958033691264,1.0629706837943922,0.006168222113130728,28.6,"[16, 16, 16]",13.0
cnn,8,swish,sigmoid,0.2,0.0001,True,0.05,nadam,0.001,1024,mae,,,,2.0,3.0,16.0,constant,,8953,24,0.028148720040917397,0.02813543751835823,0.02813543751835823,-0.00047186950383030856,False,0.9876252379761927,1.2649000098512462,1.211335849907037,0.020255099771082752,18.6,"[16, 16]",26.0
cnn,8,swish,linear,0.3,0.0,False,0.05,adam,0.003,1024,mae,,,,3.0,7.0,64.0,constant,,130057,25,0.027806265279650688,0.02779337391257286,0.02779337391257286,-0.0004636137556833882,False,0.9873271667852541,1.3772042163333662,1.1625068078952805,0.02023310356365937,26.4,"[64, 64, 64]",13.0
cnn,8,swish,linear,0.2,0.001,True,0.05,adamw,0.0003,256,huber,,,,2.0,5.0,16.0,double,,19753,24,0.0010395521530881524,0.0010386266512796283,0.0010386266512796283,-0.0008902889631605146,False,0.9868560219995769,1.3909959609890652,1.2413844911450411,0.0070913023258513674,40.3,"[16, 32]",26.0
dense,8,swish,linear,0.2,0.0,False,0.05,adam,0.001,256,mse,1.0,64.0,linear,,,,,[64],14576,25,0.001989198150113225,0.001987447962164879,0.001987447962164879,-0.0008798459561439455,False,0.9870579411934386,1.3969067086986504,1.196311529288035,0.007464753384363143,27.1,,
dense,8,leaky_relu,sigmoid,0.3,0.0,False,0.05,adamw,0.003,512,mse,2.0,32.0,linear,,,,,"[32, 16]",8144,14,0.002436399692669511,0.0024360029492527246,0.0024360029492527246,-0.00016284003728119444,False,0.9834137805042211,2.3465668407053495,1.0028734013183842,0.0095111112225158,15.1,,
cnn,8,relu,linear,0.3,0.0,False,0.02,adam,0.001,256,mae,,,,2.0,7.0,32.0,double,,57545,8,0.028138918802142143,0.028128553181886673,0.028128553181886673,-0.000368373082432761,False,0.9865002596103921,1.2747512560338883,1.421676338573065,0.02081414678574728,24.6,"[32, 64]",26.0
cnn,8,swish,linear,0.3,0.0001,False,0.0,adam,0.0003,512,huber,,,,2.0,3.0,16.0,double,,17385,25,0.0014003310352563858,0.0014006391866132617,0.0014006391866132617,0.0002200560789681257,False,0.9866733332051306,1.526943158309526,1.1474824872762786,0.007363652990741321,22.5,"[16, 32]",26.0
dense,8,relu,linear,0.3,0.001,True,0.0,adam,0.001,1024,mse,4.0,32.0,funnel,,,,,"[8, 8, 8, 8]",2608,25,0.0037451344542205334,0.0037518860772252083,0.0037518860772252083,0.0018027718596501261,False,0.979692698217342,2.1475716678159786,1.9193569590775068,0.012029593929941629,19.0,,
dense,8,elu,linear,0.0,1e-05,False,0.05,adam,0.0001,256,mae,3.0,128.0,linear,,,,,"[128, 72, 16]",48160,25,0.029416413977742195,0.029409833252429962,0.029409833252429962,-0.00022370929771427098,False,0.9876925443741467,1.3752339670968377,1.0930193250323963,0.02085864443914165,32.6,,
dense,8,leaky_relu,linear,0.2,0.001,True,0.0,nadam,0.0001,512,huber,3.0,128.0,geometric,,,,,"[128, 64, 32]",49968,25,0.001236031181178987,0.0012355613289400935,0.0012355613289400935,-0.00038012976213540247,False,0.9824234149343282,1.7279085804354248,1.786016113583864,0.009406073197305964,26.3,,
dense,8,relu,linear,0.0,1e-05,True,0.1,adamw,0.0003,1024,mse,4.0,32.0,linear,,,,,"[32, 27, 21, 16]",11518,25,0.0031097480095922947,0.0031097407918423414,0.0031097407918423414,-2.321007982320807e-06,False,0.9746735639699237,2.6204314845827996,2.448964260897328,0.01421808841095934,21.5,,
cnn,8,leaky_relu,linear,0.0,1e-05,True,0.1,nadam,0.003,512,huber,,,,3.0,7.0,16.0,constant,,11337,21,0.0010319763096049428,0.0010307278716936707,0.0010307278716936707,-0.0012097544291011595,False,0.9880579219630392,1.3240074869470988,1.0704828441038932,0.006486402954327231,30.5,"[16, 16, 16]",13.0
dense,8,leaky_relu,linear,0.0,0.001,False,0.1,adamw,0.0001,256,huber,3.0,256.0,funnel,,,,,"[16, 16, 8]",4416,22,0.002481865230947733,0.0024836077354848385,0.0024836077354848385,0.0007020947452655042,False,0.48801946116420836,0.0,100.0,0.25723207328563824,30.3,,
cnn,8,elu,linear,0.1,0.0001,True,0.1,adam,0.0001,1024,huber,,,,2.0,7.0,16.0,constant,,11129,25,0.0016838563606142998,0.0016836420400068164,0.0016836420400068164,-0.0001272796258020483,False,0.9863175708159458,1.5210324105999409,1.2226040903712885,0.007683035612030487,18.3,"[16, 16]",26.0
dense,8,relu,sigmoid,0.0,0.001,False,0.02,adamw,0.001,1024,huber,3.0,256.0,linear,,,,,"[256, 136, 16]",128416,25,0.0024818589445203543,0.0024836112279444933,0.0024836112279444933,0.0007060366698147184,False,0.48801946116420836,0.0,100.0,0.25723207503186807,17.6,,
cnn,8,swish,sigmoid,0.3,1e-05,False,0.0,adamw,0.003,512,huber,,,,3.0,3.0,32.0,constant,,19721,25,0.0011531984200701118,0.0011519081890583038,0.0011519081890583038,-0.0011188282860546024,False,0.9881444587604085,1.1880602896266377,1.1831652487464084,0.006503724714324921,28.9,"[32, 32, 32]",13.0
cnn,8,swish,linear,0.2,0.0001,True,0.1,adamw,0.0003,1024,mae,,,,3.0,3.0,32.0,double,,91529,25,0.031358033418655396,0.03135152906179428,0.03135152906179428,-0.00020742234611067657,False,0.9865098748100998,1.333858733129741,1.3634570961744323,0.022420827125847254,28.5,"[32, 64, 128]",13.0
cnn,8,swish,linear,0.1,0.001,False,0.02,nadam,0.001,256,mse,,,,2.0,7.0,32.0,double,,57545,25,0.002647108631208539,0.002646086970344186,0.002646086970344186,-0.00038595350878620346,False,0.9882694563566086,1.2294355235937346,1.1193118861156497,0.00718831530686781,39.7,"[32, 64]",26.0
dense,8,elu,sigmoid,0.3,0.0001,True,0.1,nadam,0.0001,512,huber,5.0,256.0,linear,,,,,"[256, 196, 136, 76, 16]",237184,24,0.0012423756998032331,0.001241615624167025,0.001241615624167025,-0.0006117920982585524,False,0.9843464548758678,1.905231011722983,1.2413844911450411,0.00844758037414961,40.0,,
cnn,8,relu,sigmoid,0.2,1e-05,False,0.1,adam,0.0001,512,mae,,,,3.0,3.0,16.0,constant,,6793,11,0.03450978174805641,0.03449642285704613,0.03449642285704613,-0.0003871044768643544,False,0.9872406299878849,1.3377992316027978,1.2169699701391627,0.02362789643458063,20.8,"[16, 16, 16]",13.0
dense,8,leaky_relu,linear,0.3,1e-05,False,0.1,nadam,0.0003,256,mae,1.0,256.0,funnel,,,,,[32],7344,25,0.030396467074751854,0.030388398095965385,0.030388398095965385,-0.0002654577838478743,False,0.9853368204457607,1.7200275834893115,1.224482130448664,0.022525788825102366,27.7,,
dense,8,elu,sigmoid,0.3,0.0001,True,0.05,nadam,0.0001,512,mse,5.0,64.0,geometric,,,,,"[64, 32, 16, 16, 16]",21264,25,0.002497696317732334,0.002497074194252491,0.002497074194252491,-0.0002490789114058379,False,0.9835195477010058,1.8796177716481135,1.427310458805191,0.009488763246623344,32.6,,
cnn,8,leaky_relu,linear,0.2,0.001,True,0.02,adamw,0.003,256,mae,,,,3.0,7.0,32.0,constant,,37001,25,0.028352759778499603,0.028333716094493866,0.028333716094493866,-0.0006716695007650883,False,0.9869617891963616,1.2649000098512462,1.3409206152459294,0.020685963449066147,56.7,"[32, 32, 32]",13.0
cnn,8,swish,linear,0.0,0.0,True,0.05,adam,0.001,256,huber,,,,2.0,7.0,32.0,double,,58057,22,0.0009431993239559233,0.0009429247584193945,0.0009429247584193945,-0.0002911002261719777,False,0.9871348627911002,1.4028174564082356,1.1756530884369072,0.006904030983659604,44.1,"[32, 64]",26.0
dense,8,leaky_relu,linear,0.0,0.0001,False,0.0,adamw,0.001,1024,mse,2.0,64.0,geometric,,,,,"[64, 32]",18224,25,0.0025888585951179266,0.002588033676147461,0.002588033676147461,-0.00031864195751026865,False,0.9824714909328667,1.9741897350014774,1.5418709035250813,0.010058271371640393,12.1,,
cnn,8,elu,linear,0.3,0.0001,True,0.0,adamw,0.0001,256,mae,,,,3.0,7.0,32.0,double,,173705,23,0.027562249451875687,0.027549948543310165,0.027549948543310165,-0.0004462955241370595,False,0.9874425491817465,1.302334745345286,1.211335849907037,0.020053699680781856,62.9,"[32, 64, 128]",13.0
cnn,8,leaky_relu,sigmoid,0.3,0.0001,True,0.1,nadam,0.001,256,huber,,,,2.0,5.0,16.0,constant,,10041,11,0.0011008450528606772,0.0010999665828421712,0.0010999665828421712,-0.0007979960633181217,False,0.9886059883463779,1.1998817850458083,1.0817510845681448,0.006246989118232127,31.5,"[16, 16]",26.0
dense,8,swish,linear,0.3,0.0,False,0.0,adam,0.001,512,mae,1.0,64.0,funnel,,,,,[256],57968,25,0.02723320946097374,0.027226194739341736,0.027226194739341736,-0.00025757968931484763,False,0.9878271571700544,1.2727810067973597,1.1643848479726557,0.019699518784643655,17.4,,
dense,8,swish,linear,0.3,1e-05,True,0.0,adamw,0.003,512,mae,3.0,64.0,linear,,,,,"[64, 40, 16]",21280,14,0.030743975192308426,0.03073333390057087,0.03073333390057087,-0.0003461260839235491,False,0.9836637756966212,1.741700325091124,1.5306026630608296,0.023534779101974823,24.1,,
cnn,8,leaky_relu,sigmoid,0.2,0.0001,False,0.1,adamw,0.0003,256,mse,,,,2.0,7.0,16.0,double,,21609,24,0.0024560897145420313,0.0024546529166400433,0.0024546529166400433,-0.0005849940633198484,False,0.9875387011788235,1.381144714806423,1.1174338460382744,0.007457975868908284,37.7,"[16, 32]",26.0
dense,8,elu,sigmoid,0.1,0.0,False,0.02,adam,0.001,256,huber,1.0,128.0,geometric,,,,,[128],29040,24,0.0009586316300556064,0.0009580230107530951,0.0009580230107530951,-0.0006348833936096096,False,0.9876156227764851,1.302334745345286,1.1775311285142824,0.006671200117134013,28.9,,
dense,8,elu,sigmoid,0.0,1e-05,False,0.05,adam,0.001,256,mae,3.0,32.0,geometric,,,,,"[32, 16, 16]",8688,25,0.028846265748143196,0.028834674507379532,0.028834674507379532,-0.0004018281210076684,False,0.9875675467779466,1.3555314747315534,1.136214246812027,0.020633563864716487,29.8,,
cnn,8,relu,linear,0.3,0.0001,False,0.1,nadam,0.0003,1024,mae,,,,3.0,5.0,64.0,double,,467465,25,0.030675040557980537,0.030655555427074432,0.030655555427074432,-0.0006352112516126964,False,0.9887502163419934,1.1998817850458083,1.053580483407516,0.020952669542540492,37.1,"[64, 128, 256]",13.0
dense,8,swish,linear,0.0,0.001,True,0.0,adam,0.001,1024,mae,1.0,64.0,linear,,,,,[64],15088,24,0.02874717488884926,0.028739336878061295,0.028739336878061295,-0.00027265325439002194,False,0.9817311205553739,2.330804846813122,1.3465547354780552,0.023504108161343684,11.3,,
cnn,8,leaky_relu,linear,0.3,0.0,False,0.02,adamw,0.003,256,mse,,,,3.0,5.0,32.0,constant,,28041,9,0.001957189291715622,0.0019561152439564466,0.0019561152439564466,-0.0005487705066247414,False,0.9870002499951924,1.4658654319771451,1.1418483670441526,0.007477932624382011,30.0,"[32, 32, 32]",13.0
dense,8,swish,linear,0.2,0.0001,False,0.1,adam,0.0001,256,mae,4.0,32.0,funnel,,,,,"[8, 8, 8, 8]",2352,25,0.036883190274238586,0.03689981624484062,0.03689981624484062,0.00045077365809237195,False,0.9787792542451107,3.1464880307358882,1.145604447198903,0.029060280999864962,34.5,,
cnn,8,relu,linear,0.0,0.001,True,0.1,nadam,0.0001,512,huber,,,,3.0,5.0,16.0,double,,40713,25,0.001316622830927372,0.0013156600762158632,0.0013156600762158632,-0.0007312304548377217,False,0.9830291725159132,1.9584277411092503,1.4479688996563187,0.009143243780151356,32.2,"[16, 32, 64]",13.0
dense,8,elu,sigmoid,0.2,0.0001,False,0.05,nadam,0.0003,512,huber,5.0,32.0,funnel,,,,,"[8, 8, 8, 8, 8]",2496,9,0.0024829949252307415,0.0024848219472914934,0.0024848219472914934,0.000735813852129453,False,0.48801946116420836,0.0,100.0,0.25723268039154157,16.7,,
cnn,8,elu,linear,0.2,0.0001,True,0.0,adam,0.0003,1024,huber,,,,3.0,3.0,16.0,double,,30409,25,0.0011730382684618235,0.0011722834315150976,0.0011722834315150976,-0.0006434887650474052,False,0.9864233380127305,1.4343414441926903,1.2845794129246717,0.007374472709392288,23.0,"[16, 32, 64]",13.0
dense,8,swish,linear,0.3,0.0001,False,0.05,adamw,0.001,1024,huber,1.0,32.0,geometric,,,,,[32],7344,25,0.0017781059723347425,0.0017826227704063058,0.0017826227704063058,0.0025402299648273835,False,0.9846156804676833,1.8993202640133977,1.1944334892106598,0.008583471151361488,11.1,,
dense,8,relu,linear,0.3,0.001,True,0.1,adamw,0.001,256,huber,1.0,128.0,linear,,,,,[128],30064,25,0.0024818535894155502,0.0024835998192429543,0.0024835998192429543,0.0007035990498598431,False,0.48801946116420836,0.0,100.0,0.2572320693275173,30.1,,
dense,8,swish,linear,0.0,1e-05,True,0.0,adam,0.0003,512,mae,2.0,128.0,linear,,,,,"[128, 16]",32528,25,0.028488080948591232,0.028480911627411842,0.028480911627411842,-0.0002516603765738908,False,0.9859233476279302,1.3634124716776672,1.449846939733694,0.021278781999740815,20.7,,
cnn,8,relu,linear,0.3,1e-05,False,0.1,nadam,0.0003,1024,huber,,,,3.0,3.0,32.0,double,,90249,25,0.0012492630630731583,0.0012479941360652447,0.0012479941360652447,-0.0010157404356389585,False,0.9880290763639161,1.3121859915279281,1.0873852048002703,0.0066094588860745596,24.7,"[32, 64, 128]",13.0
cnn,8,swish,sigmoid,0.2,0.001,True,0.1,adamw,0.0001,512,mae,,,,3.0,3.0,64.0,constant,,65289,25,0.029529279097914696,0.029512152075767517,0.029512152075767517,-0.0005800013637443703,False,0.9879425395665468,1.2353462713033199,1.1775311285142824,0.020784806254610377,37.5,"[64, 64, 64]",13.0
cnn,8,swish,sigmoid,0.1,0.001,True,0.0,adamw,0.001,1024,mse,,,,2.0,5.0,16.0,double,,19753,24,0.0020887914579361677,0.0020870419684797525,0.0020870419684797525,-0.0008375606141858513,False,0.9880867675621623,1.2747512560338883,1.1117997258061487,0.0070001372031587294,18.1,"[16, 32]",26.0
dense,8,leaky_relu,linear,0.1,1e-05,False,0.02,adamw,0.0003,256,huber,2.0,32.0,geometric,,,,,"[32, 16]",8144,24,0.0012376169906929135,0.0012375094229355454,0.0012375094229355454,-8.691522351180961e-05,False,0.9825099517316974,2.2342626342232292,1.286457453002047,0.009363778845619064,29.2,,
cnn,8,swish,linear,0.2,1e-05,True,0.0,adamw,0.003,1024,mse,,,,3.0,7.0,16.0,constant,,11337,23,0.0020070408936589956,0.0020051358733326197,0.0020051358733326197,-0.0009491686653693226,False,0.9865483356089306,1.5742291399862083,1.1268240464251507,0.0077284001322009965,23.3,"[16, 16, 16]",13.0
dense,8,swish,linear,0.0,0.0,True,0.05,adam,0.0001,1024,huber,5.0,256.0,linear,,,,,"[256, 196, 136, 76, 16]",237184,25,0.001172769465483725,0.0011731761042028666,0.0011731761042028666,0.00034673371972023464,False,0.980009999807696,2.3465668407053495,1.667699588709223,0.01058158814825344,27.9,,
dense,8,elu,linear,0.3,1e-05,False,0.1,adam,0.001,1024,mae,5.0,64.0,geometric,,,,,"[64, 32, 16, 16, 16]",20112,19,0.035857006907463074,0.03586876019835472,0.03586876019835472,0.00032778226364457306,False,0.9836733908963289,2.163333661708206,1.1268240464251507,0.02609768465101292,18.2,,
dense,8,swish,sigmoid,0.2,0.0001,True,0.1,adamw,0.001,1024,huber,1.0,128.0,geometric,,,,,[128],30064,22,0.0010445882799103856,0.00104367861058563,0.00104367861058563,-0.0008708400642152604,False,0.9859521932270533,1.5466456506748103,1.2695550923056698,0.007545742691766166,14.0,,
cnn,8,swish,linear,0.2,1e-05,True,0.0,nadam,0.0003,512,mse,,,,3.0,3.0,64.0,double,,305929,23,0.0019225297728553414,0.001920933835208416,0.001920933835208416,-0.0008301237616492995,False,0.9879713851656698,1.2471677667224905,1.1606287678179052,0.006974774334769285,44.8,"[64, 128, 256]",13.0
cnn,8,leaky_relu,sigmoid,0.0,0.001,True,0.0,adamw,0.001,256,mae,,,,3.0,5.0,16.0,double,,40713,24,0.02687561884522438,0.026868660002946854,0.026868660002946854,-0.00025892770386432966,False,0.988317532355147,1.1407743079499555,1.1944334892106598,0.019275563823899944,50.4,"[16, 32, 64]",13.0
dense,8,relu,linear,0.0,0.0,True,0.02,nadam,0.003,256,mae,2.0,64.0,funnel,,,,,"[128, 128]",64112,23,0.028078759089112282,0.02808743715286255,0.02808743715286255,0.0003090615123953965,False,0.985932962827638,1.656979607920402,1.1681409281274062,0.021077237162612283,33.9,,
cnn,8,swish,linear,0.1,0.001,True,0.1,adam,0.0003,512,mse,,,,2.0,5.0,64.0,constant,,70857,25,0.0021829709876328707,0.0021806282456964254,0.0021806282456964254,-0.0010731896803565012,False,0.9848849060594989,1.6530391094473451,1.376603376716059,0.008647861093098785,30.8,"[64, 64]",26.0
cnn,8,swish,linear,0.1,1e-05,False,0.05,adam,0.003,512,huber,,,,2.0,7.0,64.0,double,,172425,25,0.0010027565294876695,0.001001909258775413,0.001001909258775413,-0.0008449416058046723,False,0.9888367531393627,1.1900305388631662,1.0460683230980148,0.006082578059706356,33.3,"[64, 128]",26.0
cnn,8,elu,linear,0.3,1e-05,True,0.0,adam,0.003,512,mae,,,,3.0,3.0,32.0,constant,,20361,14,0.02803489938378334,0.028021547943353653,0.028021547943353653,-0.0004762435650976718,False,0.987682929174439,1.2294355235937346,1.23387233083554,0.020169309384457323,27.3,"[32, 32, 32]",13.0
dense,8,relu,linear,0.1,0.0,True,0.0,nadam,0.001,256,mae,1.0,128.0,linear,,,,,[128],30064,24,0.029652372002601624,0.029643282294273376,0.029643282294273376,-0.00030654236792421066,False,0.9842022268802523,1.9249335040882671,1.2507746915319173,0.02272052770701055,29.2,,
dense,8,swish,sigmoid,0.0,0.0,True,0.02,adam,0.003,256,mse,2.0,128.0,geometric,,,,,"[128, 64]",46064,24,0.0017795523162931204,0.0017818314954638481,0.0017818314954638481,0.0012807598573304957,False,0.9860868060229611,1.5840803861688502,1.2075797697522865,0.007847512736251394,33.1,,
